theta0,theta1
6331.833333333333,-0.02144803761318838
