theta0,theta1
-4.901297178923064,-0.0006627138629494739
